"firstName","lastName"
"Dante","Walter"
"Bartlomiej","Zubair"
"Bruin","Thomas-Jay"
"Aaryn","Struan"
"Ardeshir","Madison"
"Ammar","Nuada"
"Derry","Kadyn"
"Dante","Shaurya"
"Brehme","Sukhvir"
"Guy","Odin"
"Ammer","Yanick"
"Bohbi","Orson"
"Daegyu","Luciano"
"Angel","Taylor"
"Dean","Nathanael"
"Arihant","Maryk"
"Aref","Trey"
"Ayomide","Niraj"
"Brehme","Lewin"
"Findlay-James","Karl"
"Harris","Msughter"
"Caelan","Ruan"
"Caileb-John","Talorcan"
"Andreas","Will"
"Aaryan","Rahil"
"Hopkin","Zayne"
"Cian","Tony"
"Bentley","Kaeden"
"Gavin","Kale"
"Ireoluwa","Kai"
"Damian","Kelso"
"Charley","Marcquis"
"Aran","Leigh"
"Gregor","Toluwalase"
"Alfy","Valery"
"Brandonlee","Lyle"
"Ferre","Roary"
"Jody","Tyelor"
"Yousif","Sahil"
"David-Lee","Kenan"
"Aodhan","Leithen"
"Farren","Mathias"
"Carrich","Zoubaeir"
"Craig-James","Lachlann"
"Heini","Sachkirat"
"Benji","Peiyan"
"Aref","Tomasz"
"Alastair","Pablo"
"Jaydon","Munachi"
"Barath","Rodrigo"
"Johnny","Mitchel"
"Brydon","Reily"
"Aryankhan","Karson"
"Del","Zidane"
"Finnley","Shazil"
"Caolan","Majid"